{
  "dataset": "METABRIC",
  "n_folds": 5,
  "config": {
    "n_intervals": 20,
    "n_estimators": 200,
    "max_depth": 5,
    "learning_rate": 0.05,
    "device": "cuda",
    "tabpfn_n_estimators": 4,
    "max_context_samples": 2000
  },
  "fold_results": [
    {
      "xgboost": {
        "xgboost_raw": {
          "c_index_q25": 0.6346020211646515,
          "c_index_q50": 0.6488375325113666,
          "c_index_q75": 0.6548930847578772,
          "ibs": 0.24333802714152497
        },
        "xgboost_embeddings": {
          "c_index_q25": 0.6113725256616436,
          "c_index_q50": 0.6134770782456768,
          "c_index_q75": 0.6121468421784104,
          "ibs": 0.2642972597923779
        }
      },
      "lightgbm": {
        "lightgbm_raw": {
          "c_index_q25": 0.6391685031866102,
          "c_index_q50": 0.6518752357694522,
          "c_index_q75": 0.6501479143089721,
          "ibs": 0.25028541552195166
        },
        "lightgbm_embeddings": {
          "c_index_q25": 0.6207933766156412,
          "c_index_q50": 0.6176663291440825,
          "c_index_q75": 0.6155022137510672,
          "ibs": 0.2980326105729454
        }
      },
      "logistic": {
        "logistic_raw": {
          "c_index_q25": 0.6510810649830246,
          "c_index_q50": 0.6510810649830246,
          "c_index_q75": 0.6506244167808287,
          "ibs": 0.4774800217518493
        },
        "logistic_embeddings": {
          "c_index_q25": 0.6528679492524867,
          "c_index_q50": 0.6528679492524867,
          "c_index_q75": 0.6528679492524867,
          "ibs": 0.26035525393041964
        }
      },
      "TabPFN": {
        "tabpfn_direct": {
          "c_index_q25": 0.6544959993646634,
          "c_index_q50": 0.6606309686898167,
          "c_index_q75": 0.6565211348700538,
          "ibs": 0.17773252670342177
        }
      }
    },
    {
      "xgboost": {
        "xgboost_raw": {
          "c_index_q25": 0.5848446129750227,
          "c_index_q50": 0.5936237738026544,
          "c_index_q75": 0.5928406561701426,
          "ibs": 0.26353779520414716
        },
        "xgboost_embeddings": {
          "c_index_q25": 0.5498310114582474,
          "c_index_q50": 0.5582804385458742,
          "c_index_q75": 0.5608358750309126,
          "ibs": 0.21845864176092689
        }
      },
      "lightgbm": {
        "lightgbm_raw": {
          "c_index_q25": 0.5752205094386283,
          "c_index_q50": 0.5919751051026296,
          "c_index_q75": 0.59533426757893,
          "ibs": 0.26446792628968974
        },
        "lightgbm_embeddings": {
          "c_index_q25": 0.6169936526255049,
          "c_index_q50": 0.6114912208391724,
          "c_index_q75": 0.6047935042453219,
          "ibs": 0.2104826335461496
        }
      },
      "logistic": {
        "logistic_raw": {
          "c_index_q25": 0.6393125051520897,
          "c_index_q50": 0.6393228093314648,
          "c_index_q75": 0.6392918967933394,
          "ibs": 0.4949557296995612
        },
        "logistic_embeddings": {
          "c_index_q25": 0.6258552468881379,
          "c_index_q50": 0.6258552468881379,
          "c_index_q75": 0.6258552468881379,
          "ibs": 0.2080846711473068
        }
      },
      "TabPFN": {
        "tabpfn_direct": {
          "c_index_q25": 0.5919854092820048,
          "c_index_q50": 0.6051026296265766,
          "c_index_q75": 0.6109760118704146,
          "ibs": 0.1820001424031052
        }
      }
    },
    {
      "xgboost": {
        "xgboost_raw": {
          "c_index_q25": 0.6421168009537911,
          "c_index_q50": 0.642712920408438,
          "c_index_q75": 0.6353095013749207,
          "ibs": 0.2460791093126108
        },
        "xgboost_embeddings": {
          "c_index_q25": 0.5849181777974347,
          "c_index_q50": 0.585533526911909,
          "c_index_q75": 0.5883987462261793,
          "ibs": 0.33696395087070463
        }
      },
      "lightgbm": {
        "lightgbm_raw": {
          "c_index_q25": 0.6328288752571967,
          "c_index_q50": 0.6356940945714671,
          "c_index_q75": 0.6314635694094571,
          "ibs": 0.24954600104623276
        },
        "lightgbm_embeddings": {
          "c_index_q25": 0.5008268753725746,
          "c_index_q50": 0.4990000576889795,
          "c_index_q75": 0.5066919216199065,
          "ibs": 0.2541943276079379
        }
      },
      "logistic": {
        "logistic_raw": {
          "c_index_q25": 0.6336172913101167,
          "c_index_q50": 0.6336172913101167,
          "c_index_q75": 0.6336269061400304,
          "ibs": 0.48639421165459096
        },
        "logistic_embeddings": {
          "c_index_q25": 0.6519431571255504,
          "c_index_q50": 0.6519431571255504,
          "c_index_q75": 0.6519431571255504,
          "ibs": 0.19487685422524478
        }
      },
      "TabPFN": {
        "tabpfn_direct": {
          "c_index_q25": 0.6525777358998519,
          "c_index_q50": 0.6539622714074188,
          "c_index_q75": 0.6481164548199142,
          "ibs": 0.179128801685871
        }
      }
    },
    {
      "xgboost": {
        "xgboost_raw": {
          "c_index_q25": 0.6244249858768461,
          "c_index_q50": 0.6332418690985393,
          "c_index_q75": 0.6316479703010249,
          "ibs": 0.23689831540282139
        },
        "xgboost_embeddings": {
          "c_index_q25": 0.6139536760552013,
          "c_index_q50": 0.6162739084819627,
          "c_index_q75": 0.6147405374868856,
          "ibs": 0.1789153244946316
        }
      },
      "lightgbm": {
        "lightgbm_raw": {
          "c_index_q25": 0.6052578484383827,
          "c_index_q50": 0.6154870470502785,
          "c_index_q75": 0.6216608828988782,
          "ibs": 0.24848080289080626
        },
        "lightgbm_embeddings": {
          "c_index_q25": 0.5823985150512468,
          "c_index_q50": 0.5883302396900977,
          "c_index_q75": 0.5711403437979179,
          "ibs": 0.3912732111783128
        }
      },
      "logistic": {
        "logistic_raw": {
          "c_index_q25": 0.625655717859737,
          "c_index_q50": 0.625655717859737,
          "c_index_q75": 0.6247175369219595,
          "ibs": 0.4624530992289318
        },
        "logistic_embeddings": {
          "c_index_q25": 0.6361472036155273,
          "c_index_q50": 0.6361472036155273,
          "c_index_q75": 0.6361472036155273,
          "ibs": 0.19950500884124275
        }
      },
      "TabPFN": {
        "tabpfn_direct": {
          "c_index_q25": 0.6390121862642241,
          "c_index_q50": 0.6490194496005165,
          "c_index_q75": 0.6472641433298362,
          "ibs": 0.16540467434976167
        }
      }
    },
    {
      "xgboost": {
        "xgboost_raw": {
          "c_index_q25": 0.6849125203382681,
          "c_index_q50": 0.6844103408794167,
          "c_index_q75": 0.6719763774782557,
          "ibs": 0.19990450576246713
        },
        "xgboost_embeddings": {
          "c_index_q25": 0.6115943193459614,
          "c_index_q50": 0.6099672578992829,
          "c_index_q75": 0.5966293714721893,
          "ibs": 0.22152450925767264
        }
      },
      "lightgbm": {
        "lightgbm_raw": {
          "c_index_q25": 0.6721571620834421,
          "c_index_q50": 0.6844304280577708,
          "c_index_q75": 0.6740453568487235,
          "ibs": 0.2036152691229809
        },
        "lightgbm_embeddings": {
          "c_index_q25": 0.563164132334331,
          "c_index_q50": 0.5542052507884218,
          "c_index_q75": 0.5254805857421208,
          "ibs": 0.27271620959184034
        }
      },
      "logistic": {
        "logistic_raw": {
          "c_index_q25": 0.6476708916698471,
          "c_index_q50": 0.6476708916698471,
          "c_index_q75": 0.6473193660486511,
          "ibs": 0.4252486679770304
        },
        "logistic_embeddings": {
          "c_index_q25": 0.683084587108049,
          "c_index_q50": 0.683084587108049,
          "c_index_q75": 0.683084587108049,